REF_ID,COLL_METHOD,GEAR_NOTES,COLL_NOTES,FIELD_PRES_METH_TYPE,FIELD_PRES_CHEM,FIELD_CHEM_PCT,FIELD_PRES_PHYS_METH,FIELD_PRES_NOTES,LAB_PRES_METH_TYPE,LAB_PRES_CHEM,LAB_CHEM_PCT,LAB_PRES_PHYS_METH,LAB_PRES_NOTES,DIET_ANALYSIS_METHODS,DIET_NOTES
41b,hook and line,NA,Collected at 1955 Alabama Deep Sea Fishing Rodeo,chemical,formalin,10,NA,NA,NA,NA,NA,NA,NA,NA,NA
41b,shrimp trawl,otter trawl,Collected at 1955 Alabama Deep Sea Fishing Rodeo,chemical,formalin,10,NA,NA,NA,NA,NA,NA,NA,NA,NA
40c,hook and line,NA,NA,preserved (method not specified),NA,NA,NA,NA,NA,NA,NA,NA,NA,NA,NA
40c,midwater trawl,NA,NA,preserved (method not specified),NA,NA,NA,NA,NA,NA,NA,NA,NA,NA,NA
40c,gill net,NA,NA,preserved (method not specified),NA,NA,NA,NA,NA,NA,NA,NA,NA,NA,NA
40c,nekton net,NA,NA,preserved (method not specified),NA,NA,NA,NA,NA,NA,NA,NA,NA,NA,NA
40c,plankton net,NA,NA,preserved (method not specified),NA,NA,NA,NA,NA,NA,NA,NA,NA,NA,NA
8f,nueston net,NA,1985; larvae and post larvae collections,chemical,formalin,10,NA,NA,NA,NA,NA,NA,NA,NA,NA
8f,bongo net,NA,1985; larvae and post larvae collections,chemical,formalin,10,NA,NA,NA,NA,NA,NA,NA,NA,NA
8f,nueston net,NA,1986; larvae and post larvae collections,chemical,ethanol,95,NA,NA,NA,NA,NA,NA,NA,NA,NA
8f,bongo net,NA,1986; larvae and post larvae collections,chemical,ethanol,95,NA,NA,NA,NA,NA,NA,NA,NA,NA
8f,shrimp trawl,NA,"1985-1987, in US waters; juvenile collections",physical,NA,NA,frozen,NA,NA,NA,NA,NA,NA,NA,NA
8f,almadrabas ,NA,"1983, in Mexico; juvenile collections",chemical,formalin,10,NA,NA,NA,NA,NA,NA,NA,NA,NA
5k,NA,NA,NA,NA,NA,NA,NA,NA,NA,NA,NA,NA,NA,NA,NA
10k,beach seine,NA,"Galveston, Cedar Bayou",NA,NA,NA,NA,NA,NA,NA,NA,NA,NA,NA,NA
10k,hook and line,NA,"from charter boats, Galveston, Rockport, and Port Aransas",NA,NA,NA,NA,NA,NA,NA,NA,NA,NA,NA,NA
10k,hook and line,NA,"by commercial fishermen, Galveston ",NA,NA,NA,NA,NA,NA,NA,NA,NA,NA,NA,NA
46m,pole and line,"with ""hoodie"" or feathered jig, collected while trolling bait behind slow moving boat",NA,chemical,formalin,10,NA,NA,chemical,methanol,70,NA,NA,NA,NA
6p,trawl,"20m beam trawl, 5.5m mouth opening, 3.85cm mesh, 5-6km/hr tow speed",NA,chemical,formalin,10,NA,NA,chemical,alcohol metilico,70,NA,NA,NA,NA
11r,beach seine,NA,Galveston coast,NA,NA,NA,NA,NA,NA,NA,NA,NA,NA,NA,NA
11r,hook and line,NA,"from the surf, wharves and jetties in Galveston, Texas City, and Dickinson Bayou",NA,NA,NA,NA,NA,NA,NA,NA,NA,NA,NA,NA
11r,hook and line,NA,from commercial fishermen from out in the Gulf,NA,NA,NA,NA,NA,NA,NA,NA,NA,NA,NA,NA
6s,hook and line,NA,NA,chemical,formalin,10,NA,NA,NA,NA,NA,NA,NA,NA,NA
6s,gill net,NA,NA,chemical,formalin,10,NA,NA,NA,NA,NA,NA,NA,NA,NA
6s,seines,NA,NA,chemical,formalin,10,NA,NA,NA,NA,NA,NA,NA,NA,NA
11v,hook and line,NA,NA,NA,NA,NA,NA,NA,NA,NA,NA,NA,NA,NA,NA
11v,otter trawl,NA,NA,NA,NA,NA,NA,NA,NA,NA,NA,NA,NA,NA,NA
11v,push-net,NA,NA,NA,NA,NA,NA,NA,NA,NA,NA,NA,NA,NA,NA
11v,plankton net,NA,NA,NA,NA,NA,NA,NA,NA,NA,NA,NA,NA,NA,NA
11v,cast net,NA,NA,NA,NA,NA,NA,NA,NA,NA,NA,NA,NA,NA,NA
19l,NA,NA,NA,NA,NA,NA,NA,NA,NA,NA,NA,NA,NA,NA,NA
6v,la red de cerca,25 x 6 m aberturia de malla de 1 mm (see p. 22),NA,chemical,formalin,30,NA,NA,chemical,alcohol metilico,80,NA,NA,NA,NA
6y,un chinchorro,400 m de longitud y de 4 m de altura de 1.75 de pulgada de luz de malla,NA,chemical,formalin,10,NA,NA,chemical,alcohol metilico,70,NA,NA,NA,NA
33f,trawl,NA,NA,chemical,formalin,10,NA,"Guts are placed in cheesecloth bags, then placed in the formalin (Personal communication with Bob McMichael of FWRI)",NA,NA,NA,NA,,NA,NA
33f,hook and line,NA,NA,chemical,formalin,10,NA,"Guts are placed in cheesecloth bags, then placed in the formalin (Personal communication with Bob McMichael of FWRI)",NA,NA,NA,NA,,NA,NA
33f,bagseine,"21.3 center-bag seine, 3.1mm mesh, leads spaced every 150mm, boat set.",NA,chemical,formalin,10,NA,"Guts are placed in cheesecloth bags, then placed in the formalin (Personal communication with Bob McMichael of FWRI)",NA,NA,NA,NA,,NA,NA
30l,NA,NA,NA,NA,NA,NA,NA,NA,NA,NA,NA,NA,NA,NA,NA
14a,chinchorro,30 metros de longitud con 2.3 metros de caida y una abertura de 1/4 de pulgada,NA,chemical,formalin,10,NA,NA,NA,NA,NA,NA,los peces >10cm inyectaron por via anal,NA,NA
58m,chinchorro playero,"50 mts de largo por 4 mts de altura y luz de malla de 1.5 """,NA,chemical,formalin,38,NA,NA,NA,NA,NA,NA,inyectandolos por el ano con el cual se renaron los procesos digestivos. En le laboratorio se lavaron los organismos con agua corriente y etiquetados en frascos de vidrio con alcohol al 70%.,NA,NA
1p,chinchorro playero,700m de relinga por 4 m de caida con una malla de 5 cm y un capo de 5 m,NA,chemical,formalin,70,NA,NA,NA,NA,NA,NA,inyecto formal al 10% en la cavidad abdominal,NA,NA
2p,una red de arrastre camaronera,NA,Stations 1 - 4,chemical,formalin,30,NA,NA,NA,NA,NA,NA,inyecto formal al 10% en la cavidad abdominal por organism >10cm,NA,NA
2p,una red de plancton ,NA,Station 5,chemical,formalin,30,NA,NA,NA,NA,NA,NA,inyecto formal al 10% en la cavidad abdominal por organism >10cm,NA,NA
2p,un equipo de electro pesca,NA,Station 5,chemical,formalin,30,NA,NA,NA,NA,NA,NA,inyecto formal al 10% en la cavidad abdominal por organism >10cm,NA,NA
12r,una red charalera,50 metros de longitud cuya abertura de malla es de 3/4 de pulgada y un ancho de 1.5 metros,NA,chemical,formalin,10,NA,NA,NA,NA,NA,NA,neutralizado con borato de sodio; los peces menores de ~10cm; inyecto formal al 10% neutralizado con borato de sodio en los peces de mediano (de ~10 - 30 cm); see text on pages 5-6 for peces >30cm,NA,NA
12r,una red de renfros a manera de chinchorro,"una longitud de 2.78 metros, un ancho de 1 metro, una abertura de malla de 250 midras, una longitud de capo de 0.9 metros y una abertura de 0.5 metros",NA,chemical,formalin,10,NA,NA,NA,NA,NA,NA,neutralizado con borato de sodio; los peces menores de ~10cm; inyecto formal al 10% neutralizado con borato de sodio en los peces de mediano (de ~10 - 30 cm); see text on pages 5-6 for peces >30cm,NA,NA
25s,trammel net,"1 in mesh, diagonal transect (50m)",NA,chemical,formalin,10,NA,NA,chemical,formalin,10,NA,NA,NA,NA
25s,minnow seines,"20 ft long, 1/4 in mesh",NA,chemical,formalin,10,NA,NA,chemical,formalin,10,NA,NA,NA,NA
25s,minnow seines,"20 ft long, 1/8 in mesh",NA,chemical,formalin,10,NA,NA,chemical,formalin,10,NA,NA,NA,NA
17t,redes camaroneras comerciales,de luz malla de 1.5 pulgadas (3.18 cm),NA,chemical,formalin,10,NA,NA,NA,NA,NA,NA,inyecto el estomago,NA,NA
17t,redes camaroneras comerciales,de luz malla de 1.5 pulgadas (3.18 cm),NA,chemical,formalin,10,NA,NA,NA,NA,NA,NA,inyecto el estomago,NA,NA
15s,una red bongo,con mallas de 333 y 505 um,NA,chemical,formalin,4,NA,NA,NA,NA,NA,NA,NA,NA,NA
15s,una red de apertura,con mallas de 505 um y diametro de boca de 75 cm,NA,chemical,formalin,4,NA,NA,NA,NA,NA,NA,NA,NA,NA
12c,bag seine,15 by 1.8 m constructed of 9.6 mm stretch mesh netting,NA,chemical,formalin,20,NA,NA,chemical,isopropyl alcohol,75,NA,NA,NA,NA
12c,cast net,1.5 m constructed of 12.7 mm stretch mesh netting,NA,chemical,formalin,20,NA,NA,chemical,isopropyl alcohol,75,NA,NA,NA,NA
16r,trawl,"20 foot unlined otter trawl, 1.5 inch stretched mesh.",Towing time was approximately 20 minutes at each station.,chemical,formalin,10,NA,In seawater.,NA,NA,NA,NA,NA,NA,NA
24d,trawl,"12.2 meter semiballon, rigged with tickler chain, 2.4 m by 1.0 m wooden doors.",Towed at 3 knots. All trawls made at night.,physical,NA,NA,freezer,NA,NA,NA,NA,NA,NA,NA,NA
17b,hook and line,NA,"It is assumed that fishes used for stomach content analysis were collected by the charter boat sports fishery in the Gulf of Mexico north of Tampa, but specifically around Panama City and Destin, FL. This is the location of the king mackerel fishery from May to October, which is the time period (spring and summer) that the author indicates the stomachs were collected.",NA,NA,NA,NA,NA,NA,NA,NA,NA,NA,NA,NA
61b,hook and line,NA,Collected at 1971 Texas International Fishing Tournament,NA,NA,NA,NA,NA,NA,NA,NA,NA,NA,NA,NA
16b,NA,NA,NA,NA,NA,NA,NA,NA,NA,NA,NA,NA,NA,NA,NA
16b,NA,NA,NA,NA,NA,NA,NA,NA,NA,NA,NA,NA,NA,NA,NA
47b,trout lines,NA,NA,NA,NA,NA,NA,NA,NA,NA,NA,NA,NA,NA,NA
47b,rod and reel,NA,NA,NA,NA,NA,NA,NA,NA,NA,NA,NA,NA,NA,NA
47b,Stretched gill nets,"3, 4  and 5 in",NA,NA,NA,NA,NA,NA,NA,NA,NA,NA,NA,NA,NA
47b,Creel catch,Catch done by sports fisherman and commercial fisherman,NA,NA,NA,NA,NA,NA,NA,NA,NA,NA,NA,NA,NA
46b,Purse Seine,"Seine Net is 16,000 meshes long and 1,000 meshes wide.  Completed, the net is 1,125 ft (342.9 m) long and 85 ft (25.908 m) deep",NA,NA,NA,NA,NA,NA,NA,NA,NA,NA,NA,NA,NA
43c,NA,NA,NA,NA,NA,NA,NA,NA,NA,NA,NA,NA,NA,NA,NA
43c,NA,NA,NA,NA,NA,NA,NA,NA,NA,NA,NA,NA,NA,NA,NA
22g,multiple opening/closing net and environmental sensing system - MOCNESS,"MOCNESS was equipped with 1.0 by 1.4 m, 505 Âµm mesh nitex nets with 0.25 by 0.35 m, 67 Âµm mesh nets nested within. Larvae collected at 0600, 1200, 1800, 2400 h local time.",NA,chemical,formaldehyde buffered with sodium borate (pH > 8.0),5,NA,NA,NA,NA,NA,NA,NA,NA,NA
22g,multiple opening/closing net and environmental sensing system - MOCNESS,"MOCNESS was equipped with 1.0 by 1.4 m, 505 Âµm mesh nitex nets with 0.25 by 0.35 m, 67 Âµm mesh nets nested within. Larvae collected at 0600, 1200, 1800, 2400 h local time.",NA,chemical,formaldehyde buffered with sodium borate (pH > 8.0),5,NA,NA,NA,NA,NA,NA,NA,NA,NA
22g,multiple opening/closing net and environmental sensing system - MOCNESS,"MOCNESS was equipped with 1.0 by 1.4 m, 505 Âµm mesh nitex nets with 0.25 by 0.35 m, 67 Âµm mesh nets nested within. Larvae collected at 0600, 1200, 1800, 2400 h local time.",NA,chemical,formaldehyde buffered with sodium borate (pH > 8.0),5,NA,NA,NA,NA,NA,NA,NA,NA,NA
11m,NA,Stomachs and gonads were placed in labeled cloth bags or cheesecloth.,NA,chemical,formalin,10,NA,NA,NA,NA,NA,NA,NA,NA,NA
11m,recreational hook and line,Stomachs and gonads were placed in labeled cloth bags or cheesecloth.,NA,chemical,formalin,10,NA,NA,NA,NA,NA,NA,NA,NA,NA
11m,commercial haul seines,Stomachs and gonads were placed in labeled cloth bags or cheesecloth.,NA,chemical,formalin,10,NA,NA,NA,NA,NA,NA,NA,NA,NA
11m,recreational hook and line,Stomachs and gonads were placed in labeled cloth bags or cheesecloth.,NA,chemical,formalin,10,NA,NA,NA,NA,NA,NA,NA,NA,NA
11m,commercial haul seines,Stomachs and gonads were placed in labeled cloth bags or cheesecloth.,NA,chemical,formalin,10,NA,NA,NA,NA,NA,NA,NA,NA,NA
7m,collected from local charter boats in port,Stomachs and gonads were placed in labeled cloth bags or cheesecloth.,NA,chemical,formalin,10,NA,NA,NA,NA,NA,NA,NA,NA,NA
7m,collected from local charter boats in port,Stomachs and gonads were placed in labeled cloth bags or cheesecloth.,NA,chemical,formalin,10,NA,NA,NA,NA,NA,NA,NA,NA,NA
48s,NA,NA,NA,NA,NA,NA,NA,NA,NA,NA,NA,NA,NA,NA,NA
61s,multiple opening/closing net and environmental sensing system - MOCNESS,"MOCNESS was equipped with 1.0 by 1.4 m, 505 Âµm mesh nitex nets with 0.25 by 0.35 m, 67 Âµmmesh nets nested within. Larvae collected at 0600, 1200, 1800, 2400 h local time.",NA,chemical,formalin,5,NA,buffered,NA,NA,NA,NA,NA,NA,NA
61s,multiple opening/closing net and environmental sensing system - MOCNESS,"MOCNESS was equipped with 1.0 by 1.4 m, 505 Âµm mesh nitex nets with 0.25 by 0.35 m, 67 Âµmmesh nets nested within. Larvae collected at 0600, 1200, 1800, 2400 h local time.",NA,chemical,formalin,5,NA,buffered,NA,NA,NA,NA,NA,NA,NA
28f,spear,NA,NA,physical,NA,NA,freezer,NA,NA,NA,NA,NA,NA,NA,NA
28f,spear,NA,NA,chemical,formalin,NA,NA,NA,NA,NA,NA,NA,NA,NA,NA
28f,slurp gun,NA,NA,physical,NA,NA,freezer,NA,NA,NA,NA,NA,NA,NA,NA
28f,slurp gun,NA,NA,chemical,formalin,NA,NA,NA,NA,NA,NA,NA,NA,NA,NA
28f,hook and line,NA,NA,physical,NA,NA,freezer,NA,NA,NA,NA,NA,NA,NA,NA
28f,hook and line,NA,NA,chemical,formalin,NA,NA,NA,NA,NA,NA,NA,NA,NA,NA
28f,trapping blennies in barnacle shells,NA,NA,physical,NA,NA,NA,NA,NA,NA,NA,NA,NA,NA,NA
28f,trapping blennies in barnacle shells,NA,NA,chemical,formalin,NA,NA,NA,NA,NA,NA,NA,NA,NA,NA
36c,multiple opening/closing net and environmental sensing system - MOCNESS,"Three stations were occupied, one each at the 18, 91, and 183m isobaths along three transects (off Cape San Blas, FL; off the Mississippi Delta, LA; and off Galveston Bay, TX).",NA,chemical,formalin,5,NA,NA,NA,NA,NA,NA,NA,NA,NA
36c,multiple opening/closing net and environmental sensing system - MOCNESS,"Three stations were occupied, one each at the 18, 91, and 183m isobaths along three transects (off Cape San Blas, FL; off the Mississippi Delta, LA; and off Galveston Bay, TX).",NA,chemical,ethanol,70,NA,NA,NA,NA,NA,NA,NA,NA,NA
36c,multiple opening/closing net and environmental sensing system - MOCNESS,"Three stations were occupied, one each at the 18, 91, and 183m isobaths along three transects (off Cape San Blas, FL; off the Mississippi Delta, LA; and off Galveston Bay, TX).",NA,chemical,formalin,5,NA,NA,NA,NA,NA,NA,NA,NA,NA
36c,multiple opening/closing net and environmental sensing system - MOCNESS,"Three stations were occupied, one each at the 18, 91, and 183m isobaths along three transects (off Cape San Blas, FL; off the Mississippi Delta, LA; and off Galveston Bay, TX).",NA,chemical,ethanol,70,NA,NA,NA,NA,NA,NA,NA,NA,NA
36c,multiple opening/closing net and environmental sensing system - MOCNESS,"Three stations were occupied, one each at the 18, 91, and 183m isobaths along three transects (off Cape San Blas, FL; off the Mississippi Delta, LA; and off Galveston Bay, TX).",NA,chemical,formalin,5,NA,NA,NA,NA,NA,NA,NA,NA,NA
36c,multiple opening/closing net and environmental sensing system - MOCNESS,"Three stations were occupied, one each at the 18, 91, and 183m isobaths along three transects (off Cape San Blas, FL; off the Mississippi Delta, LA; and off Galveston Bay, TX).",NA,chemical,ethanol,70,NA,NA,NA,NA,NA,NA,NA,NA,NA
28c,NA,stomach-content analysis were performed using drum that were caught by local fishermen and those turned in at rodeos along the Mississippi Gulf coast.,NA,NA,NA,NA,NA,NA,NA,NA,NA,NA,NA,NA,NA
16m,gill net,"3 boats used - 16ft airdrive powered by a 250hp Lycoming aircraft engine for extremely shallow areas, 16ft fiberglass boat powered by a 60hp outboard motor for deeper areas, 16ft flat-bottom skiff powered by 50hp outboard motor.  5000 ft of gill nets ranged  in length between 100 and 300 feet with mesh sizes of 4, 5, and 7 inch stretch.",NA,chemical,formalin,10,NA,NA,NA,NA,NA,NA,NA,NA,NA
16m,trammel nets,2 occasions with 600 ft trammel net.,NA,chemical,formalin,10,NA,NA,NA,NA,NA,NA,NA,NA,NA
17r,Trammel nets,200 yard trammel net used,NA,NA,NA,NA,NA,Stomachs were preserved for later identification,NA,NA,NA,NA,NA,NA,NA
17r,Trawl,"Because of size selectivity of the trammel net (fish 6.0 inches or larger in length), additional sampling of smaller fish and crustaceans were collected by a 16' otter trawl and a 6' bobbinet were used. ",NA,NA,NA,NA,NA,Stomachs were preserved for later identification,NA,NA,NA,NA,NA,NA,NA
18c,NA,NA,NA,NA,NA,NA,NA,NA,NA,NA,NA,NA,NA,NA,NA
18c,NA,NA,NA,NA,NA,NA,NA,NA,NA,NA,NA,NA,NA,NA,NA
18c,NA,NA,NA,NA,NA,NA,NA,NA,NA,NA,NA,NA,NA,NA,NA
18c,NA,NA,NA,NA,NA,NA,NA,NA,NA,NA,NA,NA,NA,NA,NA
18c,NA,NA,NA,NA,NA,NA,NA,NA,NA,NA,NA,NA,NA,NA,NA
30p,Trawl,10 foot and 12 foot shrimp crawl,NA,NA,NA,NA,NA,NA,NA,NA,NA,NA,NA,NA,NA
30p,Bag Seine,"20 foot, 60 foot and 100 foot bag seine",NA,NA,NA,NA,NA,NA,NA,NA,NA,NA,NA,NA,NA
30p,Bar Seine,6 foot,NA,NA,NA,NA,NA,NA,NA,NA,NA,NA,NA,NA,NA
30p,Trammel nets,1200 foot trammel net,NA,NA,NA,NA,NA,NA,NA,NA,NA,NA,NA,NA,NA
30p,Gill net,1500 foot gill net,NA,NA,NA,NA,NA,NA,NA,NA,NA,NA,NA,NA,NA
30p,Beach seine ,900 foot beach seine,NA,NA,NA,NA,NA,NA,NA,NA,NA,NA,NA,NA,NA
30p,Rod and reel,NA,NA,NA,NA,NA,NA,NA,NA,NA,NA,NA,NA,NA,NA
30p,Plankton net,NA,NA,NA,NA,NA,NA,NA,NA,NA,NA,NA,NA,NA,NA
20d,trawl,"Fishes were collected from the Clear Lake area and its tributaries with a 3m otter  trawl. A 6mm bar mesh cover was used over the cod end or the trawl during some of the sampling to capture post larval fish, many of which were less than 15mm in length. The larger bar of mesh of the trawl  19mm and 13 mm in the body and length . The larger bar of mesh of trawl, 19 mm and 13mm in the body and cod end, respectively, permitted many of the smaller fish to escape when the cover was not used.",NA,physical,NA,NA,ice,NA,NA,NA,NA,NA,NA,NA,NA
20d,trawl,"Fishes were collected from the Clear Lake area and its tributaries with a 3m otter  trawl. A 6mm bar mesh cover was used over the cod end or the trawl during some of the sampling to capture post larval fish, many of which were less than 15mm in length. The larger bar of mesh of the trawl  19mm and 13 mm in the body and length . The larger bar of mesh of trawl, 19 mm and 13mm in the body and cod end, respectively, permitted many of the smaller fish to escape when the cover was not used.",NA,physical,NA,NA,ice,NA,NA,NA,NA,NA,NA,NA,NA
49s,NA,NA,NA,NA,NA,NA,NA,NA,NA,NA,NA,NA,NA,NA,NA
42s,NA,NA,NA,NA,NA,NA,NA,NA,NA,NA,NA,NA,NA,NA,NA
42s,NA,NA,NA,NA,NA,NA,NA,NA,NA,NA,NA,NA,NA,NA,NA
37c,Trawl,10 foot trawl,Sampling time was usually 5 minutes,NA,NA,NA,NA,NA,NA,NA,NA,NA,NA,NA,NA
38c,Trammel net,600 feet by 4 feet deep of 2 1/2 stretch mesh nets were used to collect fish for tagging.  ,"The ""strike"" method used for obtaining fish.",NA,NA,NA,NA,NA,NA,NA,NA,NA,NA,NA,NA
12d,Trawl,NA,NA,NA,NA,NA,NA,NA,NA,NA,NA,NA,NA,NA,NA
12d,Trammel Net,NA,NA,NA,NA,NA,NA,NA,NA,NA,NA,NA,NA,NA,NA
12d,Seine,NA,NA,NA,NA,NA,NA,NA,NA,NA,NA,NA,NA,NA,NA
12d,Hook and line,NA,NA,NA,NA,NA,NA,NA,NA,NA,NA,NA,NA,NA,NA
12d,Push Net,NA,NA,NA,NA,NA,NA,NA,NA,NA,NA,NA,NA,NA,NA
43b,hook and line,electric reels,15 hooks fished for 1 hour,NA,NA,NA,NA,NA,NA,NA,NA,NA,NA,NA,NA
43b,hook and line,manual reels,15 hooks fished for 1 hour,NA,NA,NA,NA,NA,NA,NA,NA,NA,NA,NA,NA
43b,flat otter trawls,4.4 cm to 5.1 cm streched mesh,"Trawling times varied from 10 minutes to 2 hours depending on the depth and bottom conditions. Most tows were for 30 minutes. 98 bottom trawl samples were taken in 1970, 84 in 1971, 118 in 1972. From June 1973 to January 1974, 36 trawl samples were taken in areas where a shrimp fleet was working. In June, July and August 1974, 45 samples were taken with the fleet. Trawling sampling depths ranged between 5.5 and 173.7 m. Field work was accomplished from aboard the Texas Parks and Wildlife vessel Western Gulf. An attempt was made to take samples at 9.1 m intervals each month, with supplementary sampling as time allowed. The majority of collections were obtained between 7.3 and 64.0 m off shore of Port Aransas and Freeport-Galveston.",NA,NA,NA,NA,NA,NA,NA,NA,NA,NA,NA,NA
43b,sport fishermen,NA,NA,NA,NA,NA,NA,NA,NA,NA,NA,NA,NA,NA,NA
43b,commercial fishermen,NA,NA,NA,NA,NA,NA,NA,NA,NA,NA,NA,NA,NA,NA
4f,NA,NA,"Field work was conducted from a small outboard boat. A systematic sampling survey, consisting of several passes through the 2m wide study transect, was made on eight occasions between August, 1970 and July, 1971. Studies on food habits of the red snapper, Lutjanus campechanus (Poey), were conducted by James K. Davis concurrently with the present study.",NA,NA,NA,NA,NA,NA,NA,NA,NA,NA,NA,NA
45s,trammel nets,Two 25m nets were deployed in sequence between transects. Nets were set on three successive days at 1730 then checked at 2030 and again at midnight for both crepuscular and nocturnal predators.,NA,chemical,buffered formalin / filtered seawater mixture,10,NA,NA,NA,NA,NA,NA,NA,NA,NA
45s,trammel nets,Two 25m nets were deployed in sequence between transects. Nets were set on three successive days at 1730 then checked at 2030 and again at midnight for both crepuscular and nocturnal predators.,NA,chemical,buffered formalin / filtered seawater mixture,10,NA,NA,NA,NA,NA,NA,NA,NA,NA
85s,hook and line,NA,NA,chemical,formalin,10,NA,buffered,chemical,isopropyl alcohol,60,NA,NA,NA,NA
85s,speargun,NA,NA,chemical,formalin,10,NA,buffered,chemical,isopropyl alcohol,60,NA,NA,NA,NA
85s,fish traps,NA,NA,chemical,formalin,10,NA,buffered,chemical,isopropyl alcohol,60,NA,NA,NA,NA
85s,poisoning with rotenone,NA,NA,chemical,formalin,10,NA,buffered,chemical,isopropyl alcohol,60,NA,NA,NA,NA
59b,Trynet,20 ft. (6.1 m),NA,NA,NA,NA,NA,50% isopropanol for storage,NA,NA,NA,NA,NA,NA,NA
59b,rectangular box dredge,36 in. (0.9 m),NA,chemical,formalin,10,NA,50% isopropanol for storage,NA,NA,NA,NA,NA,NA,NA
59b,balloon type otter trawl,45 ft. (13.7 m),NA,chemical,formalin,10,NA,50% isopropanol for storage,NA,NA,NA,NA,NA,NA,NA
59b, traps,"3 types: angular wooden, square wooden, heart shaped wire",NA,chemical,formalin,10,NA,50% isopropanol for storage,NA,NA,NA,NA,NA,NA,NA
59b,rotenone,SCUBA divers used to collect,NA,chemical,formalin,10,NA,50% isopropanol for storage,NA,NA,NA,NA,NA,NA,NA
59b,hook and line,NA,NA,chemical,formalin,10,NA,50% isopropanol for storage,NA,NA,NA,NA,NA,NA,NA
59b,Trynet,20 ft. (6.1 m),NA,chemical,formalin,10,NA,50% isopropanol for storage,NA,NA,NA,NA,NA,NA,NA
59b,rectangular box dredge,36 in. (0.9 m),NA,chemical,formalin,10,NA,50% isopropanol for storage,NA,NA,NA,NA,NA,NA,NA
59b,balloon type otter trawl,45 ft. (13.7 m),NA,chemical,formalin,10,NA,50% isopropanol for storage,NA,NA,NA,NA,NA,NA,NA
59b, traps,"3 types: angular wooden, square wooden, heart shaped wire",NA,chemical,formalin,10,NA,50% isopropanol for storage,NA,NA,NA,NA,NA,NA,NA
59b,rotenone,SCUBA divers used to collect,NA,chemical,formalin,10,NA,50% isopropanol for storage,NA,NA,NA,NA,NA,NA,NA
59b,hook and line,NA,NA,chemical,formalin,10,NA,50% isopropanol for storage,NA,NA,NA,NA,NA,NA,NA
33m,Not Specified,NA,NA,NA,NA,NA,NA,Preservation Methods Unknown,NA,NA,NA,NA,NA,NA,NA
48m,NA,NA,NA,NA,NA,NA,NA,NA,NA,NA,NA,NA,NA,NA,NA
4l,semi-balloon trawl,"12.2 m semi-baloon trawl having a 12.2 m float line and a 13.8 m lead line. The trawl was constructed of 47.6 mm stretched mesh, untreated nylon (#18 twine) throughout the body and 38.1 m stretched mesh nylon (#30 twine) in the cod end. Untreated nylon webbing prevented contamination of samples taken for hydrocarbon analysis. A 2/O galvanizxed ""tickler"" chain was attached to the 2.4 x 1.0 m mahogany trawl doors to enhance capture of demersal organisms.",Three 20-min trawl tows were made at each station. Trawls were towed at a vessel speed of approximately 2 knots along one or more sides of a triangle formed by three bouys marking the station. Trawls were towed at night to minimize net avoidance.,physical,NA,NA,frozen,"sorted finfish collections weighing less than 9 kg were placed in plastic bags, properly labeled and quick frozen.",NA,NA,NA,NA,NA,NA,
6t,MOCNESS,Consisting of nine 500 µm mesh nets with a smaller 67 µm mesh net nested inside each. ,"Samples were taken at discrete depths in the upper mixed layer and were pooled with Bongo net samples. Samples were taken every 6 h, pooled according to net size, concentrated by screening, and frozen.",physical,NA,NA,frozen,NA,chemical,formalin,5,NA,5% formalin buffered with sodium borate,NA,NA
6t,Bongo net,333 and 500 µm,"Samples taken obliquely from near bottom to surface. Samples were taken every 6 h, pooled according to net size, concentrated by screening, and frozen.",physical,NA,NA,frozen,NA,chemical,formalin,5,NA,5% formalin buffered with sodium borate,NA,NA
58b,anglers on partyboats,NA,"Sampled dockside at Johns Pass , Pinellas County, FL. Aperiodic sampling was carried out from May 1978 to July 1992",NA,NA,NA,NA,NA,NA,NA,NA,NA,NA,NA,NA
2b,hook and line,NA,NA,chemical,formalin,10,NA,NA,NA,NA,NA,NA,NA,NA,NA
69m,shrimp trawls,One hour tow with 65 foot trawl with 2 inch strech mesh at depths ranging from 7 to 39 fathoms.,R/V Oregon (Cruise 90) - off LA coast Feb. and Mar. 1964. ,chemical,formalin,10,NA,NA,NA,NA,NA,NA,NA,"Stomach contents were analyzed and the volume of each different food item was measured by displacement of water in a graduated cylinder. Excess fluid was blotted from the food material, before the volumetric measurements were made.",NA
69m,handlines,"A series of three No. 7 ""curved point"" tuna hooks were used on each handline, with lead weights varying from 1 to 8 pounds, depending on the current speed.",R/V Oregon (Cruise 90) - off LA coast Feb. and Mar. 1964. ,chemical,formalin,10,NA,NA,NA,NA,NA,NA,NA,"Stomach contents were analyzed and the volume of each different food item was measured by displacement of water in a graduated cylinder. Excess fluid was blotted from the food material, before the volumetric measurements were made.",NA
69m,handlines,"A series of three No. 7 ""curved point"" tuna hooks were used on each handline, with lead weights varying from 1 to 8 pounds, depending on the current speed.","M/V Gus III (Cruise 19) - between Freeport and Pass Cavallo, TX during June 1964.",physical,NA,NA,frozen,NA,NA,NA,NA,NA,NA,"Stomach contents were analyzed and the volume of each different food item was measured by displacement of water in a graduated cylinder. Excess fluid was blotted from the food material, before the volumetric measurements were made.",NA
69m,shrimp trawls,One hour tow with 45 foot flat shrimp trawl with 2 inch strech mesh.,"M/V Gus III (Cruises 21,22) - from TX and LA coasts between Sept. 1964 and Oct. 1964.",chemical,formalin,10,NA,NA,NA,NA,NA,NA,NA,"Stomach contents were analyzed and the volume of each different food item was measured by displacement of water in a graduated cylinder. Excess fluid was blotted from the food material, before the volumetric measurements were made.",NA
69m,shrimp trawls,Collected with a 20 foot flat shrimp trawl with 3/4 inch stretch mesh towed for 15 to 30 minutes. A 1/4 inch mesh nylon liner was attached to the rear third of the cod end.,"M/V Lorene - off Port Aransas, TX in Sept. and Oct. 1964",chemical,formalin,10,NA,NA,NA,NA,NA,NA,NA,"Stomach contents were analyzed and the volume of each different food item was measured by displacement of water in a graduated cylinder. Excess fluid was blotted from the food material, before the volumetric measurements were made.",NA
69m,handlines,"A series of three No. 7 ""curved point"" tuna hooks were used on each handline, with lead weights varying from 1 to 8 pounds, depending on the current speed.","M/V Vagabond - from ""snapper lumps"" off Port Aransas, Port Mansfield, and Port Isabel, TX in the fall and winter of 1964.",chemical,formalin,10,NA,NA,NA,NA,NA,NA,NA,"Stomach contents were analyzed and the volume of each different food item was measured by displacement of water in a graduated cylinder. Excess fluid was blotted from the food material, before the volumetric measurements were made.",NA
36s,trawling,"18.3 m turtle separator trawl, an 18.3 separator trawl and an 18.3 standard trawl",R/V Oregon (Cruise 71 and 82) - off LA coast,physical,NA,NA,frozen,at -2.6° C,chemical,formalin,10,NA,"After formalin, stomachs were washed in water and stored in 10% isopropyl alcohol",NA,NA
36s,hook and line,NA,"on artifical reefs off the coast of Orange Beach, AL",physical,NA,NA,frozen,placed on ice upon capture,chemical,formalin,10,NA,"After formalin, stomachs were washed in water and stored in 10% isopropyl alcohol",NA,NA
36s,wire fish traps,NA,used in Alabama,NA,NA,NA,NA,NA,NA,NA,NA,NA,NA,NA,NA
36s,private and commercial sportfishing outings,NA,used in Alabama and Florida,NA,NA,NA,NA,NA,NA,NA,NA,NA,NA,NA,NA
5a,Dredgings,Lines of dredging and fishing stations ran across plateau in an E and W direction at 10 miles intervals.,NA,NA,NA,NA,NA,NA,NA,NA,NA,NA,NA,NA,NA
5a,Fishing,Trials were made at each dredging station generally in 5-10 minutes intervals btween stations during the daytime. ,NA,NA,NA,NA,NA,NA,NA,NA,NA,NA,NA,NA,NA
2c,baited hooks,NA,"In fishing, baited hooks are suspended approximately one to three feet above the sea floor. Once a fish is caught and hauled onto the deck, it is unhooked by inserting a short pole into the gape and allowing the line to coil around it. A sudden thrust extracts the hook. The fish are drawn, but the viscera and the blood are not always entirelyremoved or is the fish rinsed off properly.",physical,NA,NA,NA,"Icing takes place within 2 hours of the time the fish are caught. The fish are placed on ice with their drawn sides down, to permit drainage. Ice separates each layer of fish; the top layer is more hevily iced.",NA,NA,NA,NA,NA,NA,NA
2c,hand lines,NA,NA,physical,NA,NA,NA,"Icing takes place within 2 hours of the time the fish are caught. The fish are placed on ice with their drawn sides down, to permit drainage. Ice separates each layer of fish; the top layer is more hevily iced.",NA,NA,NA,NA,NA,NA,NA
8n,hook and line,"Line fishing was conducted using electric reels and a range of hook sizes (#2 through 4/0 Mustad hooks). Terminal tackle consisted of lead weights (250 to 907 g) and two or three hooks baited with squid. Hook and line fishing was concentrated during the bours between 1900 and 0200, although collections were made on all cruises during most hours of the day.","Sampling was conducted aboard research vessels during eight seasonal (winter, January; spring, April/May; summer, July/August; and fall, Oct/Nov) criuses between October 1980 and October 1982. Fish were weighed (g) and measured (mm fork length: FL) upon capture. The position and depth of all collecting stations and time of capture was recorded.",chemical,formalin,10,NA,rinsed in running water and blotted dry prior to examination,NA,NA,NA,NA,Partially digested fish prey were cleared with trypsin and stained with alcian blue and alizarin red so that meristic counts could be used for identification.,"The contents of stomachs and intestines (excluding caecum) were placed in separate bowls and examined with a binocular microscope equipped with an ocular micrometer. Individual prey items were identified to lowest taxon possible, counted, and measured along their greatest extent.",NA
8n,diver deployed gill net,Paired 25 m monofilament gill nets (75 cm2 stretch mesh) were occasionally used on the reefs. Gill nets were placed early in the evening and retrieved the following day.,"Sampling was conducted aboard research vessels during eight seasonal (winter, January; spring, April/May; summer, July/August; and fall, Oct/Nov) criuses between October 1980 and October 1982. Fish were weighed (g) and measured (mm fork length: FL) upon capture. The position and depth of all collecting stations and time of capture was recorded.",chemical,formalin,10,NA,rinsed in running water and blotted dry prior to examination,NA,NA,NA,NA,Partially digested fish prey were cleared with trypsin and stained with alcian blue and alizarin red so that meristic counts could be used for identification.,"The contents of stomachs and intestines (excluding caecum) were placed in separate bowls and examined with a binocular microscope equipped with an ocular micrometer. Individual prey items were identified to lowest taxon possible, counted, and measured along their greatest extent.",NA
8n,pole spears,Divers equipped with pole spears were occasionally used on the reefs.,"Sampling was conducted aboard research vessels during eight seasonal (winter, January; spring, April/May; summer, July/August; and fall, Oct/Nov) criuses between October 1980 and October 1982. Fish were weighed (g) and measured (mm fork length: FL) upon capture. The position and depth of all collecting stations and time of capture was recorded.",chemical,formalin,10,NA,rinsed in running water and blotted dry prior to examination,NA,NA,NA,NA,Partially digested fish prey were cleared with trypsin and stained with alcian blue and alizarin red so that meristic counts could be used for identification.,"The contents of stomachs and intestines (excluding caecum) were placed in separate bowls and examined with a binocular microscope equipped with an ocular micrometer. Individual prey items were identified to lowest taxon possible, counted, and measured along their greatest extent.",NA
8n,rectangular traps,Rectangular traps of approximately 0.65m3 were used with 50 x 100 mm or 22 x 48 mm polyvinyl coated wire mesh bodies. Traps were set in pairs and baited with squid. Traps were placed early in the evening and retrieved the following day.,"Sampling was conducted aboard research vessels during eight seasonal (winter, January; spring, April/May; summer, July/August; and fall, Oct/Nov) criuses between October 1980 and October 1982. Fish were weighed (g) and measured (mm fork length: FL) upon capture. The position and depth of all collecting stations and time of capture was recorded.",chemical,formalin,10,NA,rinsed in running water and blotted dry prior to examination,NA,NA,NA,NA,Partially digested fish prey were cleared with trypsin and stained with alcian blue and alizarin red so that meristic counts could be used for identification.,"The contents of stomachs and intestines (excluding caecum) were placed in separate bowls and examined with a binocular microscope equipped with an ocular micrometer. Individual prey items were identified to lowest taxon possible, counted, and measured along their greatest extent.",NA
8n,otter trawl,A 12.2 m otter trawl was used for sampling over mud bottoms in 10 minute to one hour tows. Trawl tows were made between 2100 and 0400.,"Sampling was conducted aboard research vessels during eight seasonal (winter, January; spring, April/May; summer, July/August; and fall, Oct/Nov) criuses between October 1980 and October 1982. Fish were weighed (g) and measured (mm fork length: FL) upon capture. The position and depth of all collecting stations and time of capture was recorded.",chemical,formalin,10,NA,rinsed in running water and blotted dry prior to examination,NA,NA,NA,NA,Partially digested fish prey were cleared with trypsin and stained with alcian blue and alizarin red so that meristic counts could be used for identification.,"The contents of stomachs and intestines (excluding caecum) were placed in separate bowls and examined with a binocular microscope equipped with an ocular micrometer. Individual prey items were identified to lowest taxon possible, counted, and measured along their greatest extent.",NA
